Codice,Descrizione
01.11.00,"Coltivazione di cereali, legumi da granella e semi oleosi, escluso il riso"
01.12.00,Coltivazione di riso
01.13.11,Coltivazione di ortaggi e meloni in piena aria
01.13.12,Coltivazione di ortaggi e meloni in colture protette fuori suolo
01.13.13,"Coltivazione di ortaggi e meloni in altre colture protette, escluse colture fuori suolo"
01.13.20,"Coltivazione di radici, incluse barbabietole da zucchero"
01.13.30,"Coltivazione di tuberi, incluse patate"
01.14.00,Coltivazione di canna da zucchero
01.15.00,Coltivazione di tabacco
01.16.00,Coltivazione di piante tessili
01.19.11,Coltivazione di fiori in piena aria
01.19.12,Coltivazione di fiori in colture protette fuori suolo
01.19.13,"Coltivazione di fiori in altre colture protette, escluse colture fuori suolo"
01.19.90,Coltivazione di piante da foraggio e di altre colture agricole non permanenti n.c.a.
01.21.00,Coltivazione di uva
01.22.00,Coltivazione di frutta di origine tropicale e subtropicale
01.23.00,Coltivazione di agrumi
01.24.00,Coltivazione di pomacee e frutta a nocciolo
01.25.00,"Coltivazione di altri alberi da frutto, frutti di bosco e frutta in guscio"
01.26.00,Coltivazione di frutti oleosi
01.27.00,Coltivazione di piante per la produzione di bevande
01.28.00,"Coltivazione di spezie, piante aromatiche e farmaceutiche"
01.29.00,Coltivazione di altre colture agricole permanenti
01.30.00,Riproduzione delle piante
01.41.00,Allevamento di bovini da latte
01.42.00,Allevamento di altri bovini e bufalini
01.43.00,Allevamento di cavalli e altri equini
01.44.00,Allevamento di cammelli e camelidi
01.45.00,Allevamento di ovini e caprini
01.46.00,Allevamento di suini
01.47.00,Allevamento di pollame
01.48.10,Allevamento di conigli
01.48.20,Allevamento di altri animali da pelliccia
01.48.40,Bachicoltura
01.48.91,Allevamento di insetti
01.48.99,Allevamento di altri animali vari n.c.a.
01.50.00,Coltivazioni agricole associate all'allevamento di animali: attività mista
01.61.10,Manutenzione del terreno per mantenerlo in buone condizioni
01.61.91,Trattamenti fitosanitari
01.61.99,Altre attività di supporto alla produzione vegetale n.c.a.
01.62.01,Attività di maniscalchi
01.62.09,Altre attività di supporto alla produzione animale
01.63.10,Attività successive alla raccolta
01.63.20,Lavorazione delle sementi per la semina
01.70.00,"Caccia, cattura di animali e servizi connessi"
02.10.00,Silvicoltura e altre attività forestali
02.20.00,Utilizzo di aree forestali
02.30.00,Raccolta di prodotti selvatici non legnosi
02.40.00,Servizi di supporto per la silvicoltura
03.11.00,Pesca marina
03.12.00,Pesca in acque dolci
03.21.01,Coltivazione di alghe marine
03.21.09,Altre attività di acquacoltura marina
03.22.01,Coltivazione di alghe in acque dolci
03.22.09,Altre attività di acquacoltura in acque dolci
03.30.00,Attività di supporto alla pesca e all'acquacoltura
05.10.00,Estrazione di antracite
05.20.00,Estrazione di lignite
06.10.00,Estrazione di petrolio greggio
06.20.00,Estrazione di gas naturale
07.10.00,Estrazione di minerali metalliferi ferrosi
07.21.00,Estrazione di minerali di uranio e torio
07.29.00,Estrazione di altri minerali metalliferi non ferrosi
08.11.00,"Estrazione di pietre ornamentali, calcare, pietra di gesso, ardesia e altre pietre"
08.12.00,"Estrazione di ghiaia, sabbia, argilla e caolino"
08.91.00,Estrazione di minerali per l'industria chimica e per la produzione di fertilizzanti
08.92.00,Estrazione di torba
08.93.01,Estrazione di sale dal sottosuolo
08.93.02,Salicoltura marina
08.93.03,Produzione di sale da salamoia
08.99.01,Estrazione di asfalto e bitume naturale
08.99.09,Altre attività estrattive varie n.c.a.
09.10.00,Attività di supporto all'estrazione di petrolio e gas naturale
09.90.00,Attività di supporto ad altre attività estrattive
10.11.00,"Lavorazione e conservazione di carne, esclusa la carne di volatili"
10.12.00,Lavorazione e conservazione di carne di volatili
10.13.00,"Produzione di prodotti a base di carne, inclusi prodotti a base di carne di volatili"
10.20.01,Lavorazione di alghe
10.20.09,"Altre attività di lavorazione e conservazione di pesce, crostacei e molluschi"
10.31.00,Lavorazione e conservazione di patate
10.32.00,Produzione di succhi a base di frutta e ortaggi
10.39.00,Altre attività di lavorazione e conservazione di frutta e ortaggi
10.41.10,Produzione di olio di oliva
10.41.20,Produzione di altri oli vegetali
10.41.30,Produzione di oli e grassi animali
10.42.00,Produzione di margarina e di grassi alimentari simili
10.51.10,Trattamento igienico del latte
10.51.20,Produzione di derivati del latte
10.52.00,Produzione di gelati
10.61.11,Lavorazione di frumento
10.61.19,Lavorazione di altri cereali
10.61.20,Lavorazione del riso
10.61.90,Lavorazioni di altre granaglie
10.62.00,Produzione di amidi e di prodotti amidacei
10.71.10,Produzione di pane e prodotti di panetteria simili
10.71.20,Produzione di prodotti di pasticceria freschi
10.72.00,"Produzione di fette biscottate, biscotti, prodotti di pasticceria conservati"
10.73.01,Produzione di prodotti farinacei freschi
10.73.02,Produzione di prodotti farinacei conservati
10.81.00,Produzione di zucchero
10.82.00,"Produzione di cacao, cioccolato, caramelle e confetterie"
10.83.01,Lavorazione di tè e di altri preparati per infusi
10.83.02,Lavorazione di caffè
10.84.00,Produzione di condimenti e spezie
10.85.01,"Produzione di pasti e piatti preparati a base di carne, inclusi pasti e piatti preparati a base di carne di volatili"
10.85.02,Produzione di pasti e piatti preparati a base di pesce
10.85.03,Produzione di pasti e piatti preparati a base di ortaggi
10.85.04,Produzione di pizza surgelata o altrimenti conservata
10.85.05,Produzione di pasti e piatti preparati a base di pasta
10.85.09,Produzione di altri pasti e piatti preparati
10.86.00,Produzione di preparati omogeneizzati e di alimenti dietetici
10.89.01,Produzione di integratori alimentari
10.89.09,Produzione di altri prodotti alimentari vari n.c.a.
10.91.00,Produzione di mangimi per l'alimentazione degli animali da allevamento
10.92.00,Produzione di prodotti per l'alimentazione degli animali da compagnia
11.01.00,"Distillazione, rettifica e miscelatura di alcolici"
11.02.10,"Produzione di vini, esclusi vini spumanti e altri vini speciali"
11.02.20,Produzione di vini spumanti e altri vini speciali
11.03.00,Produzione di sidro e di altre bevande fermentate a base di frutta
11.04.00,Produzione di altre bevande fermentate non distillate
11.05.00,Produzione di birra
11.06.00,Produzione di malto
11.07.01,Produzione di bibite analcoliche
11.07.02,Produzione di acque in bottiglia
12.00.00,Produzione di prodotti del tabacco
13.10.00,Preparazione e filatura di fibre tessili
13.30.00,Finissaggio dei tessili
13.91.00,Fabbricazione di tessuti a maglia e all'uncinetto
13.92.10,Fabbricazione di tessili per la casa
13.92.20,Fabbricazione di tessili per l'arredo
13.93.00,Fabbricazione di tappeti e moquette
13.94.00,"Fabbricazione di spago, corde, funi e reti"
13.95.00,Fabbricazione di tessuti non-tessuti e di articoli in tessuto non-tessuto
13.96.00,Fabbricazione di altri tessuti per uso tecnico e industriale
13.99.10,"Fabbricazione di ricami, tulle, pizzi e merletti"
13.99.90,Fabbricazione di feltro e altri prodotti tessili diversi n.c.a.
14.10.10,Fabbricazione di articoli di calzetteria a maglia e all'uncinetto
14.10.20,Fabbricazione di maglioni e altri articoli a maglia e all'uncinetto
14.21.10,Fabbricazione in serie di abbigliamento esterno
14.21.20,Sartoria e confezione su misura di abbigliamento esterno
14.22.00,Fabbricazione di biancheria intima
14.23.00,Fabbricazione di indumenti da lavoro
14.24.00,Fabbricazione di abbigliamento in pelle e in pelliccia
14.29.00,Fabbricazione di altri articoli di abbigliamento e accessori n.c.a.
15.11.00,"Concia, tintura e rifinizione di pelli, cuoi e pellicce"
15.12.00,"Fabbricazione di articoli da viaggio, borse, pelletteria e selleria di qualsiasi materiale"
15.20.10,"Fabbricazione di calzature, escluse parti in cuoio per calzature"
15.20.20,Fabbricazione di parti in cuoio per calzature
16.11.00,Taglio e piallatura del legno
16.12.00,Lavorazione e finitura del legno
16.21.00,Fabbricazione di fogli da impiallacciatura e di pannelli a base di legno
16.22.00,Fabbricazione di pavimenti di legno con elementi pre-assemblati
16.23.01,Fabbricazione di stand e strutture simili in legno per convegni e fiere
16.23.09,Fabbricazione di altri prodotti di carpenteria in legno e falegnameria per l'edilizia n.c.a.
16.24.00,Fabbricazione di imballaggi in legno
16.25.00,Fabbricazione di porte e finestre in legno
16.26.00,Produzione di combustibili solidi da biomassa vegetale
16.27.00,Finitura di prodotti in legno
16.28.11,Fabbricazione di cornici
16.28.19,Fabbricazione di altri prodotti in legno n.c.a.
16.28.20,Fabbricazione di articoli in sughero
16.28.30,Fabbricazione di articoli in paglia e materiali da intreccio
17.11.00,Fabbricazione di pasta-carta
17.12.00,Fabbricazione di carta e cartone
17.21.00,"Fabbricazione di carta, cartone ondulato e di imballaggi di carta e cartone"
17.22.00,Fabbricazione di prodotti igienico-sanitari e per uso domestico in carta e ovatta di cellulosa
17.23.01,Fabbricazione di prodotti cartotecnici scolastici e commerciali
17.23.09,Fabbricazione di altri prodotti cartotecnici
17.24.00,Fabbricazione di carta da parati
17.25.00,Fabbricazione di altri articoli di carta e cartone
18.11.00,Stampa di giornali
18.12.00,Altra stampa
18.13.00,Lavorazioni preliminari alla stampa e ai media
18.14.00,Legatoria e servizi connessi
18.20.00,Riproduzione di supporti registrati
19.10.00,Fabbricazione di prodotti di cokeria
19.20.10,Raffinazione di petrolio
19.20.20,Fabbricazione di derivati del petrolio
19.20.30,Miscelazione di gas petroliferi liquefatti (GPL) e loro imbottigliamento
19.20.40,Fabbricazione di prodotti di base per la copertura stradale
19.20.90,Fabbricazione di altri prodotti derivanti dalla raffinazione del petrolio e prodotti da combustibili fossili
20.11.00,Fabbricazione di gas industriali
20.12.00,Fabbricazione di coloranti e pigmenti
20.13.00,Fabbricazione di altri prodotti chimici di base inorganici
20.14.00,Fabbricazione di altri prodotti chimici di base organici
20.15.00,Fabbricazione di fertilizzanti e composti azotati
20.16.00,Fabbricazione di materie plastiche in forme primarie
20.17.00,Fabbricazione di gomma sintetica in forme primarie
20.20.00,"Fabbricazione di fitofarmaci, disinfettanti e altri prodotti chimici per l'agricoltura"
20.30.00,"Fabbricazione di pitture, vernici e smalti, inchiostri da stampa e adesivi sintetici"
20.41.10,"Fabbricazione di saponi, detergenti e preparazioni tensioattive"
20.41.20,Fabbricazione di glicerina e altri prodotti per la pulizia e la lucidatura
20.42.00,Fabbricazione di profumi e cosmetici
20.51.00,Produzione di biocarburanti liquidi
20.59.11,Fabbricazione di fiammiferi
20.59.12,Fabbricazione di articoli esplosivi
20.59.20,Fabbricazione di colle
20.59.30,Fabbricazione di oli essenziali
20.59.91,Fabbricazione di liquidi per inalazione per sigarette elettroniche
20.59.99,Fabbricazione di tutti gli altri prodotti chimici vari n.c.a.
20.60.00,Fabbricazione di fibre sintetiche e artificiali
21.10.00,Fabbricazione di prodotti farmaceutici di base
21.20.01,Fabbricazione di sostanze diagnostiche radioattive in vivo
21.20.09,Fabbricazione di medicinali e altri preparati farmaceutici
22.11.10,Fabbricazione di pneumatici e camere d'aria
22.11.20,Rigenerazione e ricostruzione di pneumatici
22.12.00,Fabbricazione di altri prodotti in gomma
22.21.00,"Fabbricazione di lastre, fogli, tubi e profilati in materie plastiche"
22.22.00,Fabbricazione di imballaggi in materie plastiche
22.23.00,Fabbricazione di porte e finestre in materie plastiche
22.24.01,Fabbricazione di rivestimenti per pareti e pavimenti in materie plastiche
22.24.09,Fabbricazione di altri articoli in materie plastiche per l'edilizia
22.25.00,Lavorazione e finitura di prodotti in materie plastiche
22.26.11,Fabbricazione di articoli e attrezzature per la pulizia per uso domestico in materie plastiche
22.26.12,Fabbricazione di articoli e attrezzature per la pulizia per uso non domestico in materie plastiche
22.26.91,Fabbricazione di articoli per l'ufficio e la scuola in materie plastiche
22.26.99,Fabbricazione di altri prodotti vari in materie plastiche n.c.a.
23.11.00,Fabbricazione di vetro piano
23.12.00,Lavorazione e trasformazione del vetro piano
23.13.00,Fabbricazione di vetro cavo
23.14.00,Fabbricazione di fibre di vetro
23.15.10,Lavorazione di vetro a mano e a soffio artistico
23.15.90,Altre attività di fabbricazione e lavorazione di altro vetro incluso il vetro per usi tecnici
23.20.00,Fabbricazione di prodotti refrattari
23.31.00,Fabbricazione di piastrelle in ceramica per pavimenti e rivestimenti
23.32.00,"Fabbricazione di mattoni, tegole e altri prodotti per l'edilizia in terracotta"
23.41.00,Fabbricazione di prodotti in ceramica per usi domestici e ornamentali
23.42.00,Fabbricazione di articoli sanitari in ceramica
23.43.00,Fabbricazione di isolatori e di pezzi isolanti in ceramica
23.44.00,Fabbricazione di altri prodotti in ceramica per uso tecnico e industriale
23.45.00,Fabbricazione di altri prodotti in ceramica
23.51.00,Produzione di cemento
23.52.10,Produzione di calce
23.52.20,Produzione di gesso
23.61.01,Fabbricazione di tubi prefabbricati in calcestruzzo per acqua potabile
23.61.02,Fabbricazione di caminetti prefabbricati in calcestruzzo
23.61.03,Fabbricazione di elementi prefabbricati in calcestruzzo per l'edilizia
23.61.04,Fabbricazione di strutture prefabbricate in calcestruzzo per l'edilizia
23.61.09,Fabbricazione di prodotti in calcestruzzo per l'edilizia n.c.a.
23.62.00,Fabbricazione di prodotti in gesso per l'edilizia
23.63.00,Produzione di calcestruzzo pronto per l'uso
23.64.00,Produzione di malta
23.65.01,"Fabbricazione di prodotti in sostanze vegetali agglomerate con cemento, gesso o altri leganti minerali"
23.65.02,Fabbricazione di prodotti in asbesto-cemento o cellulosa fibrocemento
23.66.01,"Fabbricazione di statue, bassorilievi e altorilievi, vasi e fioriere"
23.66.09,"Fabbricazione di altri prodotti in calcestruzzo, cemento e gesso n.c.a."
23.70.10,Taglio e lavorazione di pietre e di marmo
23.70.20,Lavorazione artistica di marmo e di altre pietre affini
23.70.30,Frantumazione di pietre
23.91.00,Fabbricazione di prodotti abrasivi
23.99.00,Fabbricazione di altri prodotti in minerali non metalliferi n.c.a.
24.10.00,"Fabbricazione di ferro, acciaio e ferroleghe"
24.20.10,"Fabbricazione di tubi, condotti, profilati cavi non saldati e relativi raccordi in acciaio"
24.20.20,"Fabbricazione di tubi, condotti, profilati cavi saldati e relativi raccordi in acciaio"
24.31.00,Trafilatura a freddo di barre
24.32.00,Laminazione a freddo di nastri
24.33.01,Profilatura mediante formatura o piegatura a freddo di profilati aperti e lamiere grecate
24.33.02,Profilatura mediante formatura o piegatura a freddo di pannelli stratificati
24.33.03,Presagomatura dell'acciaio per cemento armato e attività simili
24.34.00,Trafilatura a freddo di fili
24.41.00,Produzione di metalli preziosi
24.42.00,Produzione di alluminio
24.43.00,"Produzione di piombo, zinco e stagno"
24.44.00,Produzione di rame
24.45.00,Produzione di altri metalli non ferrosi
24.46.00,Trattamento di combustibili nucleari
24.51.01,Fusione di getti in ghisa grigia o lamellare
24.51.02,Fusione di getti in ghisa duttile
24.51.09,Fusione di getti in ghisa n.c.a.
24.52.00,Fusione di getti in acciaio
24.53.01,Fusione di getti in alluminio
24.53.02,Fusione di getti in magnesio
24.53.03,Fusione di getti in superleghe a base cobalto
24.53.09,Fusione di getti in metalli leggeri n.c.a.
24.54.01,Fusione di getti in rame
24.54.02,Fusione di getti in zinco
24.54.03,Fusione di getti in nichel
24.54.09,Fusione di getti in altri metalli non ferrosi n.c.a.
25.11.00,Fabbricazione di strutture metalliche e di parti di strutture metalliche
25.12.10,"Fabbricazione di porte, finestre e loro telai, imposte e cancelli in metallo"
25.12.20,Fabbricazione di tende in metallo e prodotti simili
25.21.10,Fabbricazione di radiatori e contenitori in metallo per caldaie per il riscaldamento centrale
25.21.20,Fabbricazione di generatori di vapore
25.22.00,"Fabbricazione di altre cisterne, serbatoi e contenitori in metallo"
25.30.10,Fabbricazione di armi e munizioni per uso militare
25.30.20,Fabbricazione di armi e munizioni per uso sportivo e civile
25.40.00,Fucinatura e formatura dei metalli e metallurgia delle polveri
25.51.00,Rivestimento dei metalli
25.52.00,Trattamento termico dei metalli
25.53.00,Lavori di meccanica generale dei metalli
25.61.00,Fabbricazione di articoli di coltelleria e posateria
25.62.00,Fabbricazione di serrature e cerniere
25.63.11,Fabbricazione di utensileria ad azionamento manuale
25.63.12,Fabbricazione di parti intercambiabili per macchine utensili
25.63.20,"Fabbricazione di stampi, portastampi, sagome, forme per macchine"
25.91.00,Fabbricazione di bidoni in acciaio e di contenitori simili
25.92.00,Fabbricazione di imballaggi in metallo leggero
25.93.10,Fabbricazione di prodotti fabbricati con fili metallici
25.93.20,Fabbricazione di catene
25.93.30,Fabbricazione di molle
25.94.00,Fabbricazione di articoli di bulloneria
25.99.10,Fabbricazione di articoli domestici in metallo per la cucina e le stanze da bagno
25.99.20,"Fabbricazione di casseforti, cassette di sicurezza e porte metalliche blindate"
25.99.90,Fabbricazione di altri prodotti vari in metallo n.c.a.
26.11.00,Fabbricazione di componenti elettronici
26.12.00,Fabbricazione di schede elettroniche integrate
26.20.00,Fabbricazione di computer e unità periferiche
26.30.01,Fabbricazione di apparecchiature trasmittenti radiotelevisive
26.30.09,Fabbricazione di altre apparecchiature per le comunicazioni
26.40.01,Fabbricazione di console per videogiochi
26.40.09,Fabbricazione di altri prodotti di elettronica di consumo
26.51.10,"Fabbricazione di strumenti per navigazione, idrologia, geofisica e meteorologia"
26.51.21,Fabbricazione di sistemi antifurto e antincendio
26.51.29,Fabbricazione di altri strumenti e apparecchi di misurazione e prova n.c.a.
26.52.00,Fabbricazione di orologi
26.60.01,"Fabbricazione di apparecchiature per irradiazione, elettromedicali ed elettroterapeutiche per usi medici"
26.60.02,"Fabbricazione di apparecchiature per irradiazione, elettromedicali ed elettroterapeutiche per usi non medici"
26.70.11,Fabbricazione di strumenti ottici e strumenti ottici di precisione
26.70.12,Fabbricazione di strumenti ottici di misurazione e controllo
26.70.20,Fabbricazione di supporti magnetici e ottici
26.70.30,Fabbricazione di apparecchiature fotografiche
27.11.00,"Fabbricazione di motori, generatori e trasformatori elettrici"
27.12.00,Fabbricazione di apparecchiature per la distribuzione e il controllo dell'elettricità
27.20.00,Fabbricazione di batterie e accumulatori
27.31.00,Fabbricazione di cavi in fibra ottica
27.32.00,Fabbricazione di altri fili e cavi elettronici ed elettrici
27.33.00,Fabbricazione di attrezzature per cablaggio
27.40.01,Fabbricazione di apparecchiature per l'illuminazione per mezzi di trasporto
27.40.02,Fabbricazione di luminarie per feste
27.40.09,Fabbricazione di altre apparecchiature per l'illuminazione
27.51.00,Fabbricazione di elettrodomestici
27.52.00,Fabbricazione di apparecchi non elettrici per uso domestico
27.90.01,Fabbricazione di apparecchiature elettriche per saldatura e brasatura
27.90.02,Fabbricazione di insegne elettriche e apparecchiature elettriche di segnalazione
27.90.03,"Fabbricazione di capacitori, resistenze, condensatori elettrici e simili"
27.90.04,"Fabbricazione di apparecchiature elettriche per parrucchieri, solarium e centri estetici"
27.90.09,Fabbricazione di altre apparecchiature elettriche n.c.a.
28.11.10,"Fabbricazione di motori, esclusi motori per aeromobili, veicoli e motocicli"
28.11.20,Fabbricazione di turbine
28.12.00,Fabbricazione di apparecchiature fluidodinamiche
28.13.00,Fabbricazione di altre pompe e compressori
28.14.00,Fabbricazione di altri rubinetti e valvole
28.15.00,"Fabbricazione di cuscinetti, ingranaggi e organi di trasmissione"
28.21.10,Fabbricazione di forni
28.21.20,Fabbricazione di caldaie e apparecchiature fisse per il riscaldamento domestico
28.22.01,"Fabbricazione di ascensori, scale mobili e tappeti mobili"
28.22.09,Fabbricazione di altri apparecchi di sollevamento e movimentazione
28.23.00,"Fabbricazione di macchine e attrezzature per ufficio, esclusi computer e unità periferiche"
28.24.00,Fabbricazione di utensili portatili a motore
28.25.00,Fabbricazione di apparecchiature di climatizzazione per uso non domestico
28.29.10,Fabbricazione di bilance e distributori automatici
28.29.20,Fabbricazione di impianti di distillazione o rettificazione per raffinerie di petrolio e industrie chimiche
28.29.30,"Fabbricazione di macchine per la dosatura, la confezione e per l'imballaggio"
28.29.41,"Fabbricazione di macchine per la pulizia di pavimenti, superfici e ambienti per uso non domestico"
28.29.49,Fabbricazione di altre macchine per la pulizia per uso non domestico
28.29.91,Fabbricazione di apparecchi per depurare e filtrare liquidi
28.29.92,"Fabbricazione di livelle, metri doppi a nastro e utensili simili, strumenti di precisione per meccanica"
28.29.99,Fabbricazione di altre macchine varie di impiego generale n.c.a.
28.30.10,Fabbricazione di trattori per l'agricoltura e la silvicoltura
28.30.91,Fabbricazione di macchine per il giardinaggio e la cura del verde
28.30.99,Fabbricazione di altre macchine per l'agricoltura e la silvicoltura n.c.a.
28.41.00,Fabbricazione di macchine per la deformazione dei metalli e di altre macchine utensili per la lavorazione dei
28.42.00,Fabbricazione di altre macchine utensili
28.91.00,Fabbricazione di macchine per la metallurgia
28.92.00,"Fabbricazione di macchine da miniera, cava e cantiere"
28.93.00,"Fabbricazione di macchine per l'industria alimentare, delle bevande e del tabacco"
28.94.10,Fabbricazione di macchine tessili
28.94.20,Fabbricazione di macchine per la lavorazione delle pelli e del cuoio
28.94.30,Fabbricazione di macchine per lavanderie e stirerie
28.95.00,Fabbricazione di macchine per l'industria della carta e del cartone
28.96.00,Fabbricazione di macchine per l'industria delle materie plastiche e della gomma
28.97.01,Fabbricazione di macchine per la produzione additiva per deposizione di materiali metallici
28.97.02,Fabbricazione di macchine per la produzione additiva per deposizione di materie plastiche o di gomma
28.97.09,Fabbricazione di macchine per la produzione additiva n.c.a.
28.99.10,Fabbricazione di macchine per la stampa e la legatoria
28.99.20,Fabbricazione di robot industriali con compiti multipli per scopi speciali
28.99.91,"Fabbricazione di apparecchiature per il lancio di aeromobili, catapulte per portaerei e relative attrezzature"
28.99.92,"Fabbricazione di giostre, altalene e altre attrazioni di divertimento"
28.99.93,Fabbricazione di apparecchiature per l'allineamento e il bilanciamento delle ruote e altre apparecchiature
28.99.99,Fabbricazione di tutte le altre macchine varie per impieghi speciali n.c.a.
29.10.00,Fabbricazione di autoveicoli
29.20.00,Fabbricazione di carrozzerie per autoveicoli; fabbricazione di rimorchi e semirimorchi
29.31.00,Fabbricazione di apparecchiature elettriche ed elettroniche per autoveicoli
29.32.00,Fabbricazione di altre parti e accessori per autoveicoli
30.11.00,Costruzione di navi e di strutture galleggianti per scopi civili
30.12.00,Costruzione di imbarcazioni da diporto e sportive
30.13.00,Costruzione di navi e imbarcazioni per scopi militari
30.20.00,Costruzione di locomotive e di materiale rotabile ferro-tranviario
30.31.00,"Fabbricazione di aeromobili, veicoli spaziali e relativi equipaggiamenti per scopi civili"
30.32.00,"Fabbricazione di aeromobili, veicoli spaziali e relativi equipaggiamenti per scopi militari"
30.40.00,Fabbricazione di veicoli militari da combattimento
30.91.11,Fabbricazione di motori per motocicli
30.91.12,"Fabbricazione di motocicli, esclusi motori"
30.91.20,Fabbricazione di parti e accessori per motocicli
30.92.10,"Fabbricazione di biciclette, escluse parti e accessori"
30.92.20,Fabbricazione di parti e accessori per biciclette
30.92.30,Fabbricazione di veicoli per disabili
30.92.40,Fabbricazione di carrozzine e passeggini
30.99.00,Fabbricazione di altri mezzi di trasporto n.c.a.
31.00.11,"Fabbricazione di moduli dedicati al comfort acustico per negozi, uffici e altri spazi per collettività"
31.00.12,Fabbricazione di sedie e poltrone per negozi
31.00.13,Fabbricazione di altri mobili per negozi
31.00.14,Fabbricazione di sedie e poltrone per uffici e altri spazi per collettività
31.00.15,Fabbricazione di altri mobili per uffici e altri spazi per collettività
31.00.20,Fabbricazione di mobili da cucina
31.00.31,"Fabbricazione di mobili per arredo interno, esclusi mobili da cucina, sedie, divani e prodotti simili"
31.00.32,Fabbricazione di mobili per arredo esterno
31.00.33,Fabbricazione di sedie e sedili
31.00.34,"Fabbricazione di divani, divani letto e poltrone"
31.00.35,Fabbricazione di materassi
31.00.36,Fabbricazione di parti e accessori di mobili
31.00.37,Finitura di mobili
31.00.39,Fabbricazione di altri mobili n.c.a.
32.11.00,Coniazione di monete
32.12.10,Lavorazione di pietre preziose e semipreziose
32.12.20,Fabbricazione di gioielli e articoli di oreficeria in metalli preziosi
32.13.00,Fabbricazione di bigiotteria e articoli simili
32.20.00,Fabbricazione di strumenti musicali
32.30.01,"Fabbricazione di attrezzature da palestra, per centri di fitness e per atletica"
32.30.09,Fabbricazione di altri articoli sportivi
32.40.10,Fabbricazione di giochi
32.40.20,Fabbricazione di giocattoli
32.50.10,Fabbricazione di protesi dentarie
32.50.20,Fabbricazione di altre protesi e ausili
32.50.30,Fabbricazione di lenti oftalmiche
32.50.40,Fabbricazione di montature per occhiali
32.50.51,Fabbricazione di strumenti e apparecchiature mediche e dentistiche
32.50.52,Fabbricazione di forniture mediche e dentistiche
32.50.53,Fabbricazione di mobili per uso medico e dentistico
32.91.00,Fabbricazione di scope e spazzole
32.99.10,Fabbricazione di dispositivi protettivi di sicurezza
32.99.20,"Fabbricazione di ombrelli, bottoni, chiusure lampo, parrucche e affini"
32.99.30,Fabbricazione di articoli di cancelleria
32.99.40,Fabbricazione di casse funebri
32.99.91,Fabbricazione di sigarette elettroniche
32.99.99,Fabbricazione di altri articoli vari n.c.a.
33.11.01,"Riparazione e manutenzione di cisterne, serbatoi e contenitori in metallo"
33.11.02,Riparazione e manutenzione di utensileria ad azionamento manuale
33.11.03,"Riparazione e manutenzione di stampi, portastampi, sagome, forme per macchine"
33.11.04,"Riparazione e manutenzione di casseforti, cassette di sicurezza, porte metalliche blindate"
33.11.05,"Riparazione e manutenzione di armi da fuoco militari, di ordinanza e artiglieria"
33.11.06,Riparazione e manutenzione di armi per uso sportivo e civile
33.11.09,Riparazione e manutenzione di altri prodotti in metallo
33.12.10,"Riparazione e manutenzione di motori, turbine, pompe, compressori e altri elementi simili"
33.12.20,Riparazione e manutenzione di caldaie per processi industriali
33.12.30,Riparazione e manutenzione di apparecchi di sollevamento e movimentazione
33.12.40,Riparazione e manutenzione di impianti di refrigerazione industriale e di depurazione dell'aria
33.12.51,Riparazione e manutenzione di macchine e attrezzature per ufficio
33.12.52,Riparazione e manutenzione di bilance e distributori automatici
33.12.53,Riparazione e manutenzione di impianti di distillazione o rettificazione per raffinerie di petrolio e industrie
33.12.54,Riparazione e manutenzione di macchine per impacchettare e imballare
33.12.59,Riparazione e manutenzione di altre macchine di impiego generale n.c.a.
33.12.60,Riparazione e manutenzione di trattori agricoli
33.12.70,Riparazione e manutenzione di altre macchine per l'agricoltura e la silvicoltura
33.12.91,Affilatura di lame e seghe per macchinari
33.12.92,"Riparazione e manutenzione di giostre, altalene e altre attrazioni di divertimento"
33.12.99,Riparazione e manutenzione di altre macchine per impieghi speciali n.c.a.
33.13.01,"Riparazione e manutenzione di apparecchiature per irradiazione, elettromedicali ed elettroterapeutiche"
33.13.02,Riparazione e manutenzione di strumenti e apparecchiature ottiche
33.13.09,Riparazione e manutenzione di altre apparecchiature elettroniche e ottiche
33.14.00,Riparazione e manutenzione di apparecchiature elettriche
33.15.00,Riparazione e manutenzione di navi e imbarcazioni per scopi civili
33.16.00,Riparazione e manutenzione di aeromobili e veicoli spaziali per scopi civili
33.17.00,Riparazione e manutenzione di altri mezzi di trasporto per scopi civili
33.18.10,Riparazione e manutenzione di veicoli da combattimento per scopi militari
33.18.20,Riparazione e manutenzione di navi e imbarcazioni per scopi militari
33.18.30,Riparazione e manutenzione di aeromobili e veicoli spaziali per scopi militari
33.19.00,Riparazione e manutenzione di altre apparecchiature
33.20.01,"Installazione di motori, generatori e trasformatori elettrici e di apparecchiature per la distribuzione e il"
33.20.02,Installazione di apparecchiature per le comunicazioni e di apparecchiature radiotelevisive
33.20.03,Installazione di strumenti e apparecchi di misurazione e controllo
33.20.04,"Installazione di cisterne, serbatoi e contenitori in metallo"
33.20.05,Installazione di generatori di vapore
33.20.06,Installazione di macchinari e attrezzature per ufficio
33.20.07,Installazione di strumenti e apparecchiature mediche e dentistiche
33.20.09,Installazione di altre macchine e apparecchiature industriali
35.11.00,Produzione di energia elettrica da fonti non rinnovabili
35.12.00,Produzione di energia elettrica da fonti rinnovabili
35.13.00,Trasmissione di energia elettrica
35.14.00,Distribuzione di energia elettrica
35.15.00,Commercio di energia elettrica
35.16.00,Stoccaggio di energia elettrica
35.21.00,Produzione di gas
35.22.00,Distribuzione di combustibili gassosi mediante condotte
35.23.00,Commercio di gas distribuito mediante condotte
35.24.00,Stoccaggio di gas nell'ambito dei servizi di fornitura della rete
35.30.00,Fornitura di vapore e aria condizionata
35.40.00,Attività di servizi di intermediazione per l'energia elettrica e il gas naturale
36.00.00,"Raccolta, trattamento e fornitura di acqua"
37.00.00,Gestione delle reti fognarie
38.11.00,Raccolta di rifiuti non pericolosi
38.12.00,Raccolta di rifiuti pericolosi
38.21.11,Smantellamento di carcasse di navi per il recupero dei materiali
38.21.12,Smantellamento di altre carcasse
38.21.20,Recupero dei materiali da rifiuti metallici
38.21.30,Recupero dei materiali da rifiuti plastici
38.21.40,Recupero dei materiali da altri rifiuti
38.22.00,Recupero di energia
38.23.00,Altre attività di recupero dei rifiuti
38.31.00,Incenerimento senza recupero di energia
38.32.00,Conferimento in discarica o stoccaggio permanente
38.33.00,Altre attività di smaltimento dei rifiuti
39.00.01,"Attività di rimozione di amianto, vernici a base di piombo e altri materiali tossici"
39.00.09,Attività di risanamento e altri servizi di gestione dei rifiuti n.c.a.
41.00.00,Costruzione di edifici residenziali e non residenziali
42.11.00,Costruzione di strade e autostrade
42.12.00,Costruzione di linee ferroviarie e metropolitane
42.13.00,Costruzione di ponti e gallerie
42.21.00,Costruzione di opere di pubblica utilità per il trasporto dei fluidi
42.22.00,Costruzione di opere di pubblica utilità per l'energia elettrica e le telecomunicazioni
42.91.00,Costruzione di opere idrauliche
42.99.00,Costruzione di altre opere di ingegneria civile n.c.a.
43.11.00,Demolizione
43.12.01,Preparazione del sito per scavi archeologici
43.12.09,Altre attività di preparazione del cantiere edile
43.13.00,Trivellazioni e perforazioni
43.21.01,Installazione di impianti di illuminazione e fotovoltaici in edifici
43.21.02,Installazione di cablaggi per telecomunicazioni e altre reti
43.21.03,Installazione di impianti di illuminazione stradale e di piste aeroportuali
43.21.04,Installazione di insegne elettriche e luminarie per feste
43.21.05,Installazione di impianti di illuminazione elettrica votiva e cimiteriale
43.22.01,Installazione di impianti geotermici
43.22.02,Installazione di impianti di depurazione per piscine
43.22.03,Installazione di impianti di spegnimento di incendi
43.22.04,Installazione di impianti di irrigazione per giardini
43.22.05,Installazione di altri impianti termo-idraulici
43.22.06,Installazione di impianti per la distribuzione del gas
43.22.07,Installazione di impianti di riscaldamento e di condizionamento dell'aria
43.23.00,Installazione di sistemi per l'isolamento
43.24.01,Installazione di ascensori e scale mobili
43.24.02,Installazione di insegne non elettriche
43.24.09,Altri lavori di installazione edili n.c.a.
43.31.01,Posa in opera di cartongesso
43.31.02,Altri lavori di intonacatura
43.32.01,Posa in opera di porte blindate
43.32.02,"Posa in opera di porte non blindate, finestre, arredi, controsoffitti, pareti mobili e simili"
43.33.00,Rivestimento di pavimenti e di pareti
43.34.01,Tinteggiatura
43.34.02,Posa in opera di vetri
43.35.00,Altri lavori di completamento e finitura degli edifici
43.41.00,Realizzazione di coperture
43.42.00,Altri lavori di costruzione specializzati nella costruzione di edifici
43.50.00,Lavori di costruzione specializzati nell'ingegneria civile
43.60.00,Attività di servizi di intermediazione per servizi di costruzione specializzati
43.91.00,Lavori di muratura
43.99.01,Noleggio di gru e altre attrezzature edili con operatore
43.99.02,Interventi su siti ed edifici storici e archeologici
43.99.09,Altri lavori vari di costruzione specializzati n.c.a.
46.11.01,Attività di intermediari del commercio all'ingrosso di materie prime agricole
46.11.02,Attività di intermediari del commercio all'ingrosso di fiori e piante
46.11.03,Attività di intermediari del commercio all'ingrosso di animali vivi
46.11.04,Attività di intermediari del commercio all'ingrosso di materie prime tessili e semilavorati
46.12.01,Attività di intermediari del commercio all'ingrosso di combustibili liquidi e gassosi
46.12.02,Attività di intermediari del commercio all'ingrosso di combustibili solidi
46.12.03,Attività di intermediari del commercio all'ingrosso di minerali e metalli
46.12.04,Attività di intermediari del commercio all'ingrosso di fertilizzanti e altri prodotti chimici per l'agricoltura
46.12.05,Attività di intermediari del commercio all'ingrosso di prodotti chimici per l'industria
46.13.01,Attività di intermediari del commercio all'ingrosso di legname
46.13.02,"Attività di intermediari del commercio all'ingrosso di pitture, vernici e lacche"
46.13.03,Attività di intermediari del commercio all'ingrosso di altri materiali da costruzione
46.14.01,Attività di intermediari del commercio all'ingrosso di macchine e attrezzature per l'industria e il commercio
46.14.02,Attività di intermediari del commercio all'ingrosso di macchine e attrezzature per l'edilizia
46.14.03,"Attività di intermediari del commercio all'ingrosso di macchine per ufficio, computer e apparecchiature per"
46.14.04,Attività di intermediari del commercio all'ingrosso di attrezzature agricole
46.14.05,Attività di intermediari del commercio all'ingrosso di navi e aeromobili
46.15.01,"Attività di intermediari del commercio all'ingrosso di mobili in legno, metallo e materie plastiche"
46.15.02,Attività di intermediari del commercio all'ingrosso di altri mobili e oggetti di arredamento per la casa
46.15.03,"Attività di intermediari del commercio all'ingrosso di apparecchiature di riscaldamento, ventilazione e"
46.15.04,Attività di intermediari del commercio all'ingrosso di altri articoli per la casa
46.15.05,Attività di intermediari del commercio all'ingrosso di ferramenta
46.16.01,Attività di intermediari del commercio all'ingrosso di tessuti per l'abbigliamento e l'arredamento
46.16.02,Attività di intermediari del commercio all'ingrosso di prodotti tessili per la casa e tappeti
46.16.03,"Attività di intermediari del commercio all'ingrosso di camicie, biancheria intima e articoli simili"
46.16.04,Attività di intermediari del commercio all'ingrosso di altri articoli di abbigliamento e accessori per
46.16.05,Attività di intermediari del commercio all'ingrosso di pellicce
46.16.06,Attività di intermediari del commercio all'ingrosso di calzature
46.16.07,Attività di intermediari del commercio all'ingrosso di articoli in pelle e articoli da viaggio
46.17.01,Attività di intermediari del commercio all'ingrosso di frutta e ortaggi
46.17.02,Attività di intermediari del commercio all'ingrosso di carne e prodotti a base di carne
46.17.03,Attività di intermediari del commercio all'ingrosso di pesce e prodotti a base di pesce
46.17.04,Attività di intermediari del commercio all'ingrosso di latte e prodotti lattiero-caseari
46.17.05,Attività di intermediari del commercio all'ingrosso di oli e grassi alimentari
46.17.06,Attività di intermediari del commercio all'ingrosso di bevande
46.17.07,Attività di intermediari del commercio all'ingrosso di altri prodotti alimentari e tabacchi
46.18.11,Attività di intermediari del commercio all'ingrosso di prodotti farmaceutici
46.18.12,Attività di intermediari del commercio all'ingrosso di articoli medicali
46.18.13,Attività di intermediari del commercio all'ingrosso di profumi e articoli di profumeria
46.18.14,Attività di intermediari del commercio all'ingrosso di prodotti per la pulizia
46.18.21,Attività di intermediari del commercio all'ingrosso di giochi e giocattoli
46.18.22,Attività di intermediari del commercio all'ingrosso di biciclette
46.18.23,Attività di intermediari del commercio all'ingrosso di altre attrezzature sportive
46.18.24,Attività di intermediari del commercio all'ingrosso di orologi e gioielli
46.18.25,Attività di intermediari del commercio all'ingrosso di oggetti di bigiotteria
46.18.26,Attività di intermediari del commercio all'ingrosso di apparecchiature fotografiche e strumenti ottici
46.18.31,Attività di intermediari del commercio all'ingrosso di libri
46.18.32,Attività di intermediari del commercio all'ingrosso di giornali e riviste
46.18.33,Attività di intermediari del commercio all'ingrosso di articoli di cancelleria
46.18.41,Attività di intermediari del commercio all'ingrosso di automobili e autoveicoli leggeri
46.18.42,Attività di intermediari del commercio all'ingrosso di altri autoveicoli
46.18.43,Attività di intermediari del commercio all'ingrosso di parti e accessori di autoveicoli
46.18.44,Attività di intermediari del commercio all'ingrosso di motocicli
46.18.45,Attività di intermediari del commercio all'ingrosso di parti e accessori di motocicli
46.18.46,Attività di intermediari del commercio all'ingrosso di materiale rotabile e di parti e accessori per materiale
46.18.50,Attività di intermediari del commercio all'ingrosso di apparecchiature audio e video
46.18.91,Attività di intermediari del commercio all'ingrosso di rifiuti
46.18.92,Attività di intermediari del commercio all'ingrosso di rivestimenti per pareti e per pavimenti
46.18.93,Attività di intermediari del commercio all'ingrosso di strumenti musicali
46.18.99,Attività di intermediari del commercio all'ingrosso di altri prodotti specifici vari n.c.a.
46.19.00,Attività di intermediari del commercio all'ingrosso non specializzato
46.21.10,Commercio all'ingrosso di cereali
46.21.21,Commercio all'ingrosso di tabacco grezzo
46.21.22,Commercio all'ingrosso di sementi e alimenti per il bestiame
46.22.00,Commercio all'ingrosso di fiori e piante
46.23.00,Commercio all'ingrosso di animali vivi
46.24.01,Commercio all'ingrosso di pelli per pellicceria
46.24.02,Commercio all'ingrosso di pelli non per pellicceria e cuoio
46.31.10,Commercio all'ingrosso di frutta e ortaggi freschi
46.31.20,Commercio all'ingrosso di frutta e ortaggi conservati o surgelati
46.32.11,Commercio all'ingrosso di carni fresche
46.32.12,Commercio all'ingrosso di carni conservate o surgelate
46.32.20,Commercio all'ingrosso di salumi e di altri prodotti a base di carne
46.32.31,Commercio all'ingrosso di pesci freschi
46.32.32,Commercio all'ingrosso di pesci conservati o surgelati e di prodotti a base di pesce
46.33.10,Commercio all'ingrosso di prodotti lattiero-caseari e uova
46.33.20,Commercio all'ingrosso di oli e grassi alimentari
46.34.10,Commercio all'ingrosso di bevande alcoliche
46.34.20,Commercio all'ingrosso di bevande analcoliche
46.35.01,Commercio all'ingrosso di sigarette elettroniche
46.35.09,Commercio all'ingrosso di prodotti del tabacco n.c.a.
46.36.00,"Commercio all'ingrosso di zucchero, cioccolato e dolciumi"
46.37.01,Commercio all'ingrosso di caffè
46.37.02,"Commercio all'ingrosso di tè, cacao e spezie"
46.38.00,Commercio all'ingrosso di altri prodotti alimentari
46.39.00,"Commercio all'ingrosso non specializzato di prodotti alimentari, bevande e tabacchi"
46.41.10,Commercio all'ingrosso di tessuti
46.41.20,Commercio all'ingrosso di filati e articoli di merceria
46.41.90,Commercio all'ingrosso di altri prodotti tessili
46.42.10,Commercio all'ingrosso di abbigliamento e di accessori per l'abbigliamento
46.42.20,Commercio all'ingrosso di articoli in pelliccia
46.42.30,Commercio all'ingrosso di calzature
46.43.10,Commercio all'ingrosso di articoli per fotografia e ottica
46.43.20,Commercio all'ingrosso di apparecchiature radiotelevisive
46.43.30,Commercio all'ingrosso di altri elettrodomestici
46.44.10,Commercio all'ingrosso di articoli di porcellana
46.44.20,Commercio all'ingrosso di articoli di vetro
46.44.30,"Commercio all'ingrosso di altri utensili per la casa, stoviglie e vasellame"
46.44.40,Commercio all'ingrosso di prodotti per la pulizia
46.45.00,Commercio all'ingrosso di profumi e cosmetici
46.46.10,Commercio all'ingrosso di prodotti farmaceutici di base e di preparati farmaceutici
46.46.20,Commercio all'ingrosso di rimedi erboristici
46.46.31,Commercio all'ingrosso di occhiali e lenti
46.46.39,Commercio all'ingrosso di prodotti medicali e ortopedici n.c.a.
46.47.10,"Commercio all'ingrosso di mobili per la casa, l'ufficio e i negozi"
46.47.20,"Commercio all'ingrosso di tappeti per la casa, l'ufficio e i negozi"
46.47.30,"Commercio all'ingrosso di articoli per l'illuminazione per la casa, l'ufficio e i negozi"
46.48.00,Commercio all'ingrosso di orologi e di gioielleria
46.49.10,"Commercio all'ingrosso di carta, cartone e articoli di cartoleria"
46.49.21,Commercio all'ingrosso di libri
46.49.22,Commercio all'ingrosso di riviste e giornali
46.49.30,"Commercio all'ingrosso di giochi, giocattoli e attrezzature per bambini"
46.49.41,Commercio all'ingrosso di biciclette
46.49.49,Commercio all'ingrosso di altre attrezzature e articoli sportivi
46.49.50,Commercio all'ingrosso di articoli in pelle e articoli da viaggio
46.49.91,Commercio all'ingrosso di articoli promozionali
46.49.92,Commercio all'ingrosso di bomboniere
46.49.99,Commercio all'ingrosso di altri beni di consumo vari n.c.a.
46.50.10,"Commercio all'ingrosso di computer, unità periferiche e software"
46.50.20,Commercio all'ingrosso di apparecchiature per telecomunicazioni
46.50.30,Commercio all'ingrosso di altre macchine e attrezzature per ufficio
46.61.00,"Commercio all'ingrosso di macchinari, attrezzature e forniture agricole"
46.62.00,Commercio all'ingrosso di macchine utensili
46.63.00,"Commercio all'ingrosso di macchinari per l'estrazione, l'edilizia e l'ingegneria civile"
46.64.11,Commercio all'ingrosso di navi e imbarcazioni
46.64.19,Commercio all'ingrosso di altri mezzi di trasporto
46.64.20,Commercio all'ingrosso di materiale elettrico per impianti industriali
46.64.30,"Commercio all'ingrosso di attrezzature per parrucchieri, palestre, solarium e centri estetici"
46.64.40,"Commercio all'ingrosso di macchine tessili, per la lavorazione delle pelli e del cuoio, per lavanderie e stirerie"
46.64.51,Commercio all'ingrosso di macchine e attrezzature per ristoranti e bar
46.64.59,Commercio all'ingrosso di altri macchinari per l'industria alimentare e delle bevande
46.64.60,Commercio all'ingrosso di macchinari e attrezzature per la pulizia
46.64.91,Commercio all'ingrosso di strumenti e apparecchiature di misurazione
46.64.92,Commercio all'ingrosso di attrazioni per parchi divertimento e parchi tematici e videogiochi
46.64.99,Commercio all'ingrosso di altri macchinari e attrezzature varie n.c.a.
46.71.10,Commercio all'ingrosso di automobili e autoveicoli leggeri
46.71.20,Commercio all'ingrosso di altri autoveicoli
46.72.00,Commercio all'ingrosso di parti e accessori di autoveicoli
46.73.10,Commercio all'ingrosso di motocicli
46.73.20,Commercio all'ingrosso di parti e accessori di motocicli
46.81.00,"Commercio all'ingrosso di combustibili solidi, liquidi, gassosi e di prodotti derivati"
46.82.10,Commercio all'ingrosso di metalli e minerali metalliferi ferrosi
46.82.21,Attività di compro oro
46.82.29,Commercio all'ingrosso di altri metalli e minerali metalliferi non ferrosi
46.83.10,Commercio all'ingrosso di legname
46.83.21,"Commercio all'ingrosso di pitture, vernici e lacche"
46.83.22,Commercio all'ingrosso di carta da parati e rivestimenti per pavimenti
46.83.23,"Commercio all'ingrosso di porte, finestre e persiane"
46.83.29,Commercio all'ingrosso di altri materiali da costruzione
46.83.30,Commercio all'ingrosso di articoli igienico-sanitari
46.84.10,Commercio all'ingrosso di ferramenta
46.84.20,Commercio all'ingrosso di apparecchi e accessori per impianti idraulici e di riscaldamento
46.85.01,Commercio all'ingrosso di fertilizzanti e altri prodotti chimici per l'agricoltura
46.85.02,Commercio all'ingrosso di liquidi per inalazione per sigarette elettroniche
46.85.09,Commercio all'ingrosso di altri prodotti chimici
46.86.10,Commercio all'ingrosso di materie plastiche in forme primarie e gomma
46.86.20,Commercio all'ingrosso di fibre tessili
46.86.30,Commercio all'ingrosso di articoli per imballaggio
46.86.90,Commercio all'ingrosso di altri prodotti intermedi n.c.a.
46.87.10,Commercio all'ingrosso di rottami e cascami metallici
46.87.90,Commercio all'ingrosso di altri rottami e cascami
46.89.00,Commercio all'ingrosso specializzato di altri prodotti n.c.a.
46.90.00,Commercio all'ingrosso non specializzato
47.11.01,Commercio al dettaglio non specializzato con prevalenza di prodotti alimentari surgelati
47.11.02,"Commercio al dettaglio non specializzato con prevalenza di altri prodotti alimentari, bevande o tabacchi"
47.12.10,Commercio al dettaglio non specializzato con prevalenza di apparecchiature informatiche ed elettrodomestici
47.12.20,Commercio al dettaglio non specializzato con prevalenza di mobili e articoli per uso domestico
47.12.30,"Commercio al dettaglio non specializzato con prevalenza di ferramenta, materiali da costruzione e piante"
47.12.40,"Commercio al dettaglio non specializzato con prevalenza di cosmetici, articoli di profumeria e detersivi,"
47.12.50,Commercio al dettaglio non specializzato con prevalenza di articoli di abbigliamento e calzature
47.12.90,Commercio al dettaglio non specializzato di altri prodotti n.c.a.
47.21.01,Commercio al dettaglio di frutta e verdura fresca
47.21.02,Commercio al dettaglio di frutta e verdura secca e conservata
47.22.00,Commercio al dettaglio di carne e di prodotti a base di carne
47.23.00,"Commercio al dettaglio di pesce, crostacei e molluschi"
47.24.10,Commercio al dettaglio di pane
47.24.20,Commercio al dettaglio di pasticceria e dolciumi
47.25.00,Commercio al dettaglio di bevande
47.26.01,Commercio al dettaglio di tabacco in qualsiasi forma
47.26.02,Commercio al dettaglio di sigarette elettroniche e di liquidi per inalazione per sigarette elettroniche
47.26.09,Commercio al dettaglio di altri accessori per fumatori
47.27.10,Commercio al dettaglio di latte e prodotti lattiero-caseari
47.27.20,Commercio al dettaglio di caffè
47.27.30,Commercio al dettaglio di integratori alimentari e prodotti dietetici
47.27.90,Commercio al dettaglio di altri prodotti alimentari n.c.a.
47.30.00,Commercio al dettaglio di carburanti per autotrazione
47.40.10,"Commercio al dettaglio di computer, unità periferiche e software"
47.40.20,Commercio al dettaglio di apparecchiature per telecomunicazioni
47.40.30,Commercio al dettaglio di apparecchiature radiotelevisive
47.51.10,Commercio al dettaglio di tessuti per abbigliamento e arredamento
47.51.20,Commercio al dettaglio di filati per maglieria e merceria
47.52.10,"Commercio al dettaglio di ferramenta, vernici, vetro e materiale elettrico e termoidraulico"
47.52.20,Commercio al dettaglio di articoli igienico-sanitari e per riscaldamento
47.52.31,Commercio al dettaglio di porte e finestre
47.52.32,"Commercio al dettaglio di altri materiali da costruzione, mattoni e piastrelle n.c.a."
47.52.40,Commercio al dettaglio di attrezzature per il giardinaggio e la paesaggistica
47.53.11,Commercio al dettaglio di tappeti e moquette
47.53.12,Commercio al dettaglio di tende
47.53.20,Commercio al dettaglio di rivestimenti per pareti e pavimenti
47.54.00,Commercio al dettaglio di elettrodomestici
47.55.10,Commercio al dettaglio di mobili per la casa
47.55.20,Commercio al dettaglio di altri mobili
47.55.30,Commercio al dettaglio di articoli per l'illuminazione
47.55.40,Commercio al dettaglio di articoli per la tavola e la cucina
47.55.90,Commercio al dettaglio di attrezzature per bambini e altri articoli per la casa
47.61.00,Commercio al dettaglio di libri
47.62.10,Commercio al dettaglio di giornali e altre pubblicazioni periodiche
47.62.20,Commercio al dettaglio di articoli di cancelleria
47.63.10,Commercio al dettaglio di imbarcazioni
47.63.21,Commercio al dettaglio di biciclette
47.63.29,Commercio al dettaglio di altre attrezzature sportive
47.64.00,Commercio al dettaglio di giochi e giocattoli
47.69.11,Commercio al dettaglio di supporti registrati
47.69.12,Commercio al dettaglio di strumenti musicali
47.69.20,"Commercio al dettaglio di articoli di filatelia, numismatica e da collezionismo"
47.69.30,"Commercio al dettaglio di articoli per disegno, pittura e scultura"
47.69.91,Commercio al dettaglio di opere d'arte
47.69.99,Commercio al dettaglio di altri articoli vari culturali e ricreativi n.c.a.
47.71.10,Commercio al dettaglio di articoli di abbigliamento per adulti
47.71.20,Commercio al dettaglio di articoli di abbigliamento per neonati e bambini
47.71.30,Commercio al dettaglio di articoli di biancheria intima
47.71.40,Commercio al dettaglio di articoli di abbigliamento in pelle e pelliccia
47.71.50,Commercio al dettaglio di accessori per l'abbigliamento
47.72.11,Commercio al dettaglio di calzature e accessori per calzature per adulti
47.72.12,Commercio al dettaglio di calzature e accessori per calzature per neonati e bambini
47.72.20,Commercio al dettaglio di articoli in pelle e articoli da viaggio
47.73.10,Commercio al dettaglio di medicinali soggetti a prescrizione medica
47.73.20,Commercio al dettaglio di rimedi erboristici
47.73.90,Commercio al dettaglio di altri prodotti farmaceutici
47.74.01,Commercio al dettaglio di occhiali e lenti
47.74.09,Commercio al dettaglio di altri articoli medicali e ortopedici
47.75.00,Commercio al dettaglio di cosmetici e di articoli di profumeria
47.76.10,"Commercio al dettaglio di fiori, piante e fertilizzanti"
47.76.20,Commercio al dettaglio di animali da compagnia e alimenti per animali da compagnia
47.77.00,Commercio al dettaglio di orologi e articoli di gioielleria
47.78.10,Commercio al dettaglio di articoli per fotografia e ottica
47.78.21,Commercio al dettaglio di souvenir
47.78.22,Commercio al dettaglio di articoli di artigianato
47.78.23,Commercio al dettaglio di articoli religiosi
47.78.24,Commercio al dettaglio di bigiotteria
47.78.25,Commercio al dettaglio di bomboniere
47.78.30,"Commercio al dettaglio di combustibile per uso domestico, bombole di gas, carbone e legna da ardere"
47.78.40,Commercio al dettaglio di prodotti per la pulizia
47.78.91,Commercio al dettaglio di articoli per imballaggio
47.78.92,Commercio al dettaglio di articoli funerari e cimiteriali
47.78.93,Commercio al dettaglio di articoli per adulti
47.78.99,Commercio al dettaglio di altri prodotti vari non di seconda mano n.c.a.
47.79.10,Commercio al dettaglio di libri di seconda mano
47.79.20,Commercio al dettaglio di oggetti di antiquariato e mobili di seconda mano
47.79.31,Commercio al dettaglio di articoli di abbigliamento di seconda mano
47.79.32,Commercio al dettaglio di orologi e articoli di gioielleria di seconda mano
47.79.39,Commercio al dettaglio di altri articoli di seconda mano n.c.a.
47.81.10,Commercio al dettaglio di automobili e autoveicoli leggeri
47.81.20,Commercio al dettaglio di altri autoveicoli
47.82.00,Commercio al dettaglio di parti e accessori di autoveicoli
47.83.10,Commercio al dettaglio di motocicli
47.83.20,Commercio al dettaglio di parti e accessori di motocicli
47.91.10,Attività di servizi di intermediazione per il commercio al dettaglio non specializzato di articoli di seconda
47.91.20,Attività di servizi di intermediazione per il commercio al dettaglio non specializzato di prodotti nuovi
47.92.10,Attività di servizi di intermediazione per il commercio al dettaglio specializzato di prodotti alimentari e
47.92.21,Attività di servizi di intermediazione per il commercio al dettaglio specializzato di autoveicoli e motocicli di
47.92.22,Attività di servizi di intermediazione per il commercio al dettaglio specializzato di parti e accessori di
47.92.29,Attività di servizi di intermediazione per il commercio al dettaglio specializzato di altri articoli di seconda
47.92.31,"Attività di servizi di intermediazione per il commercio al dettaglio specializzato di autoveicoli, esclusi articoli"
47.92.32,Attività di servizi di intermediazione per il commercio al dettaglio specializzato di parti e accessori di
47.92.33,"Attività di servizi di intermediazione per il commercio al dettaglio specializzato di motocicli, parti e accessori"
47.92.34,Attività di servizi di intermediazione per il commercio al dettaglio specializzato di elettrodomestici e altri
47.92.35,"Attività di servizi di intermediazione per il commercio al dettaglio specializzato di prodotti tessili, articoli di"
47.92.36,Attività di servizi di intermediazione per il commercio al dettaglio specializzato di cosmetici e di articoli di
47.92.39,Attività di servizi di intermediazione per il commercio al dettaglio specializzato di prodotti nuovi n.c.a.
49.11.00,Trasporto di passeggeri su ferrovia pesante
49.12.00,Altri trasporti ferroviari di passeggeri
49.20.00,Trasporto ferroviario di merci
49.31.01,Trasporto di linea di passeggeri su strada specializzato per visite turistiche
49.31.02,Altri trasporti di linea di passeggeri su strada
49.32.01,Trasporto non di linea di passeggeri su strada specializzato per visite turistiche
49.32.02,Altri trasporti non di linea di passeggeri su strada
49.33.10,Trasporto su taxi
49.33.20,Trasporto su veicoli a noleggio con conducente
49.34.00,Trasporto di passeggeri mediante funivie e sciovie
49.39.00,Altri trasporti terrestri di passeggeri n.c.a.
49.41.00,Trasporto di merci su strada
49.42.00,Servizi di trasloco
49.50.10,Trasporto mediante condotte di gas
49.50.20,Trasporto mediante condotte di liquidi
50.10.00,Trasporto marittimo e costiero di passeggeri
50.20.00,Trasporto marittimo e costiero di merci
50.30.00,Trasporto per vie d'acqua interne di passeggeri
50.40.00,Trasporto per vie d'acqua interne di merci
51.10.10,Trasporto aereo di linea di passeggeri
51.10.20,Trasporto aereo non di linea di passeggeri
51.21.00,Trasporto aereo di merci
51.22.00,Trasporto spaziale
52.10.10,Magazzinaggio e deposito non refrigerato
52.10.20,Magazzinaggio e deposito refrigerato
52.21.10,Gestione di infrastrutture ferroviarie
52.21.20,Gestione e manutenzione di strade
52.21.30,Gestione di stazioni per autobus
52.21.40,Gestione di centri di movimentazione merci
52.21.50,Gestione di parcheggi e autorimesse
52.21.60,Attività di traino e soccorso stradale
52.21.90,Altri servizi di supporto al trasporto terrestre
52.22.01,Liquefazione e rigassificazione di gas a scopo di trasporto marittimo e per vie d'acqua interne
52.22.09,Altri servizi di supporto al trasporto marittimo e per vie d'acqua interne
52.23.00,Servizi di supporto al trasporto aereo
52.24.10,Movimentazione merci relativa a trasporti aerei
52.24.20,Movimentazione merci relativa a trasporti marittimi e per vie d'acqua interne
52.24.30,Movimentazione merci relativa a trasporti ferroviari
52.24.40,Movimentazione merci relativa ad altri trasporti terrestri
52.25.01,Servizi di logistica per opere d'arte
52.25.09,Altri servizi di logistica
52.26.01,Attività di agenti e agenzie di dogana
52.26.02,Attività di spedizione merci
52.31.00,Attività di servizi di intermediazione per il trasporto di merci
52.32.00,Attività di servizi di intermediazione per il trasporto di passeggeri
53.10.00,Attività postali con obbligo di servizio universale
53.20.00,Altre attività postali e di corriere
53.30.00,Attività di servizi di intermediazione per attività postali e di corriere
55.10.00,Servizi di alloggio di alberghi e simili
55.20.20,Rifugi e baite di montagna
55.20.31,Case religiose di ospitalità
55.20.32,Altre case sociali di ospitalità
55.20.41,Bed and breakfast
55.20.42,"Servizi di alloggio in camere, case e appartamenti per vacanze"
55.20.51,Servizi di alloggio in aziende agricole
55.20.52,Servizi di alloggio in aziende ittiche
55.30.02,Villaggi turistici e alloggi glamping
55.30.03,Aree attrezzate per veicoli ricreazionali
55.30.04,Marina resort
55.40.00,Attività di servizi di intermediazione per servizi di alloggio
55.90.00,Altri servizi di alloggio
56.11.11,"Attività di ristoranti con servizio al tavolo, escluse gelaterie e pasticcerie"
56.11.12,"Attività di ristoranti senza servizio al tavolo o da asporto, escluse gelaterie e pasticcerie"
56.11.21,Attività di gelaterie con servizio al tavolo
56.11.22,Attività di gelaterie senza servizio al tavolo o da asporto
56.11.23,Attività di pasticcerie con servizio al tavolo
56.11.24,Attività di pasticcerie senza servizio al tavolo o da asporto
56.11.91,Attività di ristoranti connesse alle aziende agricole
56.11.92,Attività di ristoranti connesse alle aziende ittiche
56.11.93,Attività di ristoranti a bordo di mezzi di trasporto
56.12.01,Attività di servizi di ristorazione mobile di ristoranti e altri esercizi di ristorazione simili
56.12.02,Attività di servizi di ristorazione mobile di gelaterie
56.12.03,Attività di servizi di ristorazione mobile di pasticcerie
56.21.01,Attività di catering per eventi presso location dei clienti
56.21.02,Attività di catering per eventi presso sale per banchetti
56.22.01,Attività di servizi di catering su base contrattuale
56.22.02,Altri servizi di ristorazione
56.30.01,Attività di somministrazione di bevande in bar e caffetterie
56.30.02,Attività di somministrazione di bevande in lounge cocktail bar
56.30.03,Attività di somministrazione mobile di bevande
56.30.04,Attività di somministrazione di bevande a bordo di mezzi di trasporto
56.40.00,Attività di servizi di intermediazione per servizi di ristorazione
58.11.00,Edizione di libri
58.12.00,Edizione di quotidiani
58.13.00,Edizione di riviste e periodici
58.19.00,"Altre attività editoriali, esclusa l'edizione di software"
58.21.00,Edizione di videogiochi
58.29.00,Edizione di altri software
59.11.00,"Attività di produzione cinematografica, di video e programmi televisivi"
59.12.00,"Attività di post-produzione cinematografica, di video e programmi televisivi"
59.13.00,"Attività di distribuzione cinematografica, di video e programmi televisivi"
59.14.00,Attività di proiezione cinematografica
59.20.10,Attività di registrazione sonora
59.20.20,Editoria musicale
60.10.00,Attività di trasmissione radiofonica e distribuzione di audio
60.20.00,Attività di programmazione e trasmissione televisive e di distribuzione di video
60.31.00,Attività delle agenzie di stampa
60.39.00,Altre attività di distribuzione di contenuti
61.10.01,Attività di telecomunicazioni fisse
61.10.02,Attività di telecomunicazioni mobili
61.10.03,Attività di telecomunicazioni satellitari
61.20.00,Attività di rivendita di telecomunicazioni e attività di servizi di intermediazione per telecomunicazioni
61.90.10,Erogazione di servizi di accesso a Internet
61.90.20,Erogazione di servizi di messaggistica e di notifica
61.90.90,Altre attività di telecomunicazioni n.c.a.
62.10.00,Attività di programmazione informatica
62.20.10,Attività di consulenza informatica
62.20.20,Attività di gestione di strutture informatiche
62.90.01,Configurazione di personal computer
62.90.09,Altre attività dei servizi connessi alle tecnologie dell'informazione e dell'informatica n.c.a.
63.10.10,"Fornitura di infrastrutture informatiche, hosting e attività connesse"
63.10.21,Elaborazione dati contabili
63.10.29,Elaborazione altri dati
63.91.00,Attività dei portali di ricerca sul web
63.92.00,Altre attività dei servizi di informazione
64.11.00,Attività delle banche centrali
64.19.10,Altre intermediazioni monetarie fornite da istituti monetari diversi dalla banca centrale
64.19.20,Altre intermediazioni monetarie fornite da istituti di moneta elettronica
64.19.30,Altre intermediazioni monetarie fornite da Cassa Depositi e Prestiti (CDP)
64.21.00,Attività delle società di partecipazione (holding)
64.22.00,Attività dei conduit di finanziamento
64.31.00,Attività dei fondi di investimento del mercato monetario e del mercato non monetario
64.32.00,"Attività di conti fiduciari, per la gestione dell'eredità e di agenzia"
64.91.00,Leasing finanziario
64.92.10,Attività di factoring
64.92.91,Altre attività di concessione del credito fornite dai consorzi di garanzia collettiva fidi
64.92.99,Altre attività varie di concessione del credito n.c.a.
64.99.00,"Altre attività di servizi finanziari, ad esclusione di assicurazioni e fondi pensione n.c.a."
65.11.00,Assicurazioni sulla vita
65.12.00,Assicurazioni diverse da quelle sulla vita
65.20.00,Riassicurazioni
65.30.00,Fondi pensione
66.11.00,Amministrazione di mercati finanziari
66.12.00,Attività di negoziazione di contratti relativi a titoli e merci
66.19.10,Attività di elaborazione e liquidazione delle transazioni finanziarie tramite carta di credito
66.19.21,Attività di consulenza finanziaria fornite da consulenti finanziari abilitati all'offerta fuori sede
66.19.22,Altre attività di consulenza finanziaria
66.19.90,"Altre attività ausiliarie dei servizi finanziari n.c.a., escluse assicurazioni e fondi pensione"
66.21.00,Valutazione dei rischi e dei danni
66.22.00,Attività di agenti e intermediari delle assicurazioni
66.29.01,Attività di vigilanza su assicurazioni e fondi pensione
66.29.09,Altre attività ausiliarie delle assicurazioni e dei fondi pensione n.c.a.
66.30.01,"Gestione di organismi di investimento collettivo del risparmio, fondi pensione e portafogli"
66.30.02,Servizi di gestione di trust
66.30.03,Servizi fiduciari e di custodia
68.11.00,Compravendita di beni immobili effettuata su beni propri
68.12.00,Sviluppo di progetti immobiliari
68.20.01,Affitto e gestione di terreni per telecomunicazioni propri o in locazione
68.20.02,"Affitto e gestione di altri terreni ed edifici non residenziali, impianti e fabbriche propri o in locazione"
68.20.09,Affitto e gestione di beni immobili propri o in locazione n.c.a.
68.31.00,Attività di servizi di intermediazione per attività immobiliari
68.32.01,Gestione di beni immobili per conto terzi
68.32.09,Altre attività immobiliari per conto terzi n.c.a.
69.10.10,Attività legali e giuridiche
69.10.20,Attività notarili
69.10.30,"Attività di supporto alle attività legali, giuridiche e notarili"
69.20.01,Attività di commercialisti
69.20.02,Attività di revisori legali in ambito contabile
69.20.03,Attività di esperti contabili
69.20.04,Attività di consulenti del lavoro
69.20.05,Attività di altri soggetti simili in materia di contabilità delle retribuzioni e buste paga
69.20.06,"Attività di altri consulenti, periti e altri soggetti simili in ambito tributario e contabile"
69.20.07,Attività di centri di assistenza fiscale
70.10.00,Attività di sedi centrali
70.20.01,Attività di consulenza in materia di logistica
70.20.02,Attività di certificazione di processi
70.20.09,Consulenza imprenditoriale e altre attività di consulenza gestionale n.c.a.
71.11.01,"Progettazione, pianificazione e supervisione di scavi archeologici"
71.11.09,Attività di architettura n.c.a.
71.12.10,Attività di ingegneria
71.12.20,Gestione di progetti relativi a opere di ingegneria integrata
71.12.30,Elaborazione e supervisione di progetti da parte di geometri
71.12.40,Attività di cartografia e aerofotogrammetria
71.12.50,"Attività di geologia, di prospezione geognostica e mineraria"
71.20.11,Collaudi e analisi tecniche per indagini archeologiche
71.20.19,Altri collaudi e analisi tecniche di prodotti
71.20.21,Attività di riconoscimento dell'origine dei prodotti
71.20.22,Revisione periodica a norma di legge dell'idoneità alla circolazione di autoveicoli e motocicli
71.20.29,Altre attività di controllo di qualità e certificazione di prodotti
72.10.10,Ricerca e sviluppo sperimentale nel campo delle biotecnologie
72.10.21,Ricerca e sviluppo sperimentale nel campo della geologia
72.10.22,Ricerca e sviluppo sperimentale nel campo della diagnostica per la conservazione dei beni culturali
72.10.29,Ricerca e sviluppo sperimentale nel campo delle altre scienze naturali e dell'ingegneria n.c.a.
72.20.01,Ricerca e sviluppo sperimentale nel campo dell'archeologia
72.20.09,Ricerca e sviluppo sperimentale nel campo delle altre scienze sociali e umanistiche
73.11.01,Ideazione di campagne pubblicitarie
73.11.02,Conduzione di campagne di marketing e altri servizi pubblicitari
73.11.03,Attività di influencer marketing
73.12.00,Attività di concessionarie pubblicitarie
73.20.00,Ricerche di mercato e sondaggi di opinione
73.30.01,Attività di rappresentanza di interessi
73.30.02,Attività di informazione scientifica inerente prodotti farmaceutici e articoli medicali per scopi promozionali
73.30.03,Attività di promozione di altri prodotti
73.30.09,Pubbliche relazioni e comunicazione n.c.a.
74.11.10,Attività di progettazione di prodotti industriali
74.11.20,Attività di progettazione di moda
74.12.01,Grafica di pagine web
74.12.09,Altre attività di progettazione grafica e di comunicazione visiva
74.13.00,Attività di progettazione di interni
74.14.01,Attività di progettazione specializzata fornite da disegnatori tecnici
74.14.09,Altre attività di progettazione specializzata n.c.a.
74.20.11,Attività fotografiche fornite da fotoreporter
74.20.12,Attività fotografiche aeree e subacquee
74.20.19,Altre attività fotografiche specializzate
74.20.20,Attività di sviluppo e stampa e altre attività fotografiche
74.30.00,Attività di traduzione e interpretariato
74.91.00,Attività di servizi di intermediazione e marketing di brevetti
74.99.11,Attività di consulenza agraria fornite da agronomi
74.99.12,Attività di consulenza agraria fornite da agrotecnici
74.99.13,Attività di consulenza agraria fornite da periti agrari
74.99.14,Attività di consulenza agraria fornite da altri economisti specializzati in agricoltura
74.99.15,Attività di consulenza agraria viticolo enologica fornite da enologi
74.99.16,Attività di consulenza agraria viticolo enologica fornite da enotecnici
74.99.19,Altre attività di consulenza agraria n.c.a.
74.99.21,Attività di consulenza in materia di sicurezza e salute dei posti di lavoro
74.99.29,Altre attività di consulenza in materia di sicurezza
74.99.31,Attività di consulenza in materia di prevenzione e riduzione dell'inquinamento e di gestione dei rifiuti
74.99.32,"Attività di consulenza in materia di gestione delle risorse energetiche, energie rinnovabili ed efficienza"
74.99.33,"Attività di consulenza in materia di gestione delle risorse idriche, minerali e altre risorse naturali per usi"
74.99.41,Attività di consulenza fornite da enotecari e sommelier
74.99.42,Attività di consulenza in gastronomia
74.99.91,Attività tecniche svolte da periti industriali
74.99.92,Attività di previsione meteorologica
74.99.93,"Attività di agenzie, agenti e procuratori per lo spettacolo e lo sport"
74.99.94,Attività di consulenza tecnica in ambito grafologico
74.99.99,"Tutte le altre attività varie professionali, scientifiche e tecniche n.c.a."
75.00.00,Servizi veterinari
77.11.00,Noleggio e leasing operativo di automobili e autoveicoli leggeri
77.12.00,Noleggio e leasing operativo di autocarri
77.21.01,Noleggio e leasing operativo di biciclette
77.21.02,Noleggio e leasing operativo di imbarcazioni da diporto senza operatore
77.21.09,Noleggio e leasing operativo di altre attrezzature e articoli sportivi e ricreativi
77.22.10,"Noleggio e leasing operativo di tessili, articoli di abbigliamento e calzature"
77.22.90,Noleggio e leasing operativo di altri beni per uso personale e per la casa n.c.a.
77.31.00,Noleggio e leasing operativo di macchine e attrezzature agricole
77.32.00,Noleggio e leasing operativo di macchine e attrezzature per lavori edili e di ingegneria civile
77.33.00,"Noleggio e leasing operativo di macchine, attrezzature e computer per ufficio"
77.34.00,"Noleggio e leasing operativo di mezzi di trasporto marittimi, fluviali e lacustri"
77.35.00,Noleggio e leasing operativo di mezzi di trasporto aereo
77.39.10,Noleggio e leasing operativo di altri mezzi di trasporto terrestre
77.39.91,Noleggio e leasing operativo di apparecchi di sollevamento e movimentazione merci
77.39.92,Noleggio e leasing operativo di strutture e attrezzature per manifestazioni e spettacoli
77.39.99,"Noleggio e leasing operativo di altre macchine, attrezzature e beni materiali vari n.c.a."
77.40.00,"Concessione dei diritti di sfruttamento di proprietà intellettuale, escluse le opere soggette a diritto d'autore"
77.51.00,"Attività di servizi di intermediazione per il noleggio e il leasing operativo di automobili, autocaravan e"
77.52.00,Attività di servizi di intermediazione per il noleggio e il leasing operativo di altri beni materiali e beni
78.10.00,Attività di agenzie di collocamento
78.20.00,Attività di agenzie di lavoro interinale e altre attività di fornitura di risorse umane
79.11.00,Attività di agenzie di viaggio
79.12.00,Attività di tour operator
79.90.01,Servizi di guida turistica
79.90.02,Servizi di accompagnamento in ambiente naturale
79.90.03,Altri servizi di accompagnamento turistico
79.90.04,Altre attività di assistenza turistica
80.01.11,Attività di investigazione in ambito privato
80.01.12,Attività di investigazione in ambito aziendale e commerciale
80.01.13,Attività di investigazione in ambito assicurativo
80.01.14,Attività di investigazione in ambito legale
80.01.21,Attività di vigilanza privata non armata
80.01.29,Altre attività di vigilanza privata
80.09.00,Attività di vigilanza n.c.a.
81.10.00,Attività di servizi integrati agli edifici
81.21.00,Attività di pulizia generale di edifici
81.22.01,Attività di sterilizzazione di attrezzature mediche
81.22.09,Altre attività di pulizia di edifici e pulizia industriale n.c.a.
81.23.10,"Attività di sanificazione, disinfezione e disinfestazione"
81.23.91,Pulitura delle strade e rimozione di neve e ghiaccio
81.23.99,Altre attività di pulizia varie n.c.a.
81.30.00,Attività di servizi per la cura del paesaggio
82.10.00,Attività amministrative e di supporto per le funzioni di ufficio
82.20.00,Attività dei call center
82.30.01,Organizzazione di conferenze e congressi
82.30.02,Organizzazione di fiere commerciali e di affari
82.30.03,Organizzazione di convegni ed eventi aziendali
82.30.04,Organizzazione di mercati agricoli e fiere dell'artigianato
82.30.09,Organizzazione di altri eventi
82.40.01,"Attività di servizi di prenotazione di biglietti per spettacoli teatrali, sportivi e altri spettacoli di"
82.40.09,Altre attività di servizi di intermediazione per servizi di supporto alle imprese n.c.a.
82.91.10,Attività di recupero crediti
82.91.20,Attività di raccolta e fornitura di informazioni commerciali e di rating
82.92.10,Attività di imballaggio di generi alimentari
82.92.20,Attività di imballaggio di generi non alimentari
82.99.11,Fornitura di assistenza per la registrazione di autoveicoli
82.99.19,Richiesta certificati e disbrigo pratiche n.c.a.
82.99.91,Rilevamento del consumo di calore e acqua calda
82.99.99,Tutti gli altri servizi vari di supporto alle imprese n.c.a.
84.11.10,Attività degli organi legislativi ed esecutivi e delle amministrazioni centrali e locali
84.11.20,Servizi di gestione esattoriale per conto terzi
84.11.30,Attività di pianificazione generale e servizi statistici generali
84.12.10,Regolamentazione dei servizi di assistenza sanitaria
84.12.20,Regolamentazione dei servizi di istruzione
84.12.30,Regolamentazione dei servizi per l'edilizia abitativa e la tutela dell'ambiente
84.12.40,Regolamentazione dei servizi culturali e di altri servizi sociali
84.13.10,"Regolamentazione dei servizi connessi a agricoltura, silvicoltura, caccia e pesca"
84.13.20,Regolamentazione dei servizi connessi a combustibili ed energia
84.13.30,"Regolamentazione dei servizi connessi a industrie estrattive e risorse minerarie, industrie manifatturiere e di"
84.13.40,Regolamentazione dei servizi connessi a trasporti e comunicazioni
84.13.50,"Regolamentazione dei servizi connessi a commercio, servizi di alloggio e ristorazione"
84.13.60,Regolamentazione dei servizi connessi al turismo
84.13.90,Regolamentazione di altri servizi
84.21.00,Affari esteri
84.22.00,Difesa nazionale
84.23.00,Giustizia e attività giudiziarie
84.24.10,Ordine pubblico e sicurezza nazionale delle Forze dell'Ordine
84.24.20,Attività di supporto all'ordine pubblico e alla sicurezza nazionale fornite dalla Protezione Civile
84.25.00,Servizi antincendio
84.30.00,Assicurazione sociale obbligatoria
85.10.00,Istruzione prescolastica
85.20.00,Istruzione primaria
85.31.10,Istruzione secondaria di formazione generale di primo grado
85.31.20,Istruzione secondaria di formazione generale di secondo grado
85.32.01,Istruzione secondaria professionale erogata da scuole di vela e navigazione
85.32.02,Istruzione secondaria professionale erogata da scuole di volo
85.32.03,Istruzione secondaria professionale erogata da scuole di guida
85.32.09,Altra istruzione secondaria professionale n.c.a.
85.33.00,Istruzione post-secondaria non terziaria
85.40.10,Istruzione terziaria non universitaria professionale
85.40.20,"Istruzione terziaria universitaria di primo, secondo e terzo ciclo e a ciclo unico"
85.51.01,Insegnamento di pilates fornito da insegnanti e istruttori indipendenti
85.51.09,Formazione sportiva e ricreativa n.c.a.
85.52.01,Corsi di danza
85.52.02,Attività di educazione al patrimonio culturale
85.52.09,Altra formazione culturale
85.53.00,Attività di scuole guida
85.59.10,Corsi di lingua straniera
85.59.20,Corsi di formazione e corsi di aggiornamento professionale
85.59.30,Altri servizi di istruzione e formazione n.c.a. forniti da università popolari
85.59.91,Corsi di educazione consapevole attraverso il movimento
85.59.99,Tutti gli altri servizi vari di istruzione e formazione n.c.a.
85.61.00,Attività di servizi di intermediazione per corsi e tutor
85.69.01,Consulenza scolastica e servizi di orientamento scolastico
85.69.09,Altri servizi vari di supporto all'istruzione e formazione n.c.a.
86.10.00,Attività ospedaliere
86.21.00,Attività di medicina generale
86.22.01,Trattamenti di chirurgia estetica
86.22.02,Altre attività di medicina specialistica svolte da medici specialisti indipendenti
86.22.03,Altre attività di medicina specialistica svolte presso cliniche e centri specialistici
86.23.00,Attività odontoiatriche
86.91.01,Attività di diagnostica per immagini
86.91.02,Attività di laboratorio medico
86.92.00,Trasporto di pazienti in ambulanza
86.93.00,"Attività di psicologi e psicoterapeuti, esclusi i medici"
86.94.01,Attività infermieristiche
86.94.02,Attività ostetriche
86.95.00,Attività di fisioterapia
86.96.01,Chinesiologia
86.96.09,Attività di medicine complementari e alternative n.c.a.
86.97.00,"Attività di servizi di intermediazione per attività mediche, odontoiatriche e altri servizi per la salute umana"
86.99.01,Tecniche di trattamento del corpo
86.99.02,Danza-movimento terapia
86.99.03,Attività di psicomotricità
86.99.09,Altre attività varie per la salute umana n.c.a.
87.10.00,Attività di assistenza infermieristica residenziale
87.20.00,Attività di assistenza residenziale per persone affette da disturbi mentali o abuso di sostanze
87.30.00,Attività di assistenza residenziale per anziani o persone con disabilità fisiche
87.91.00,Attività di servizi di intermediazione per attività di assistenza residenziale
87.99.00,Altre attività di assistenza residenziale n.c.a.
88.10.00,Attività di assistenza sociale non residenziale per anziani o persone con disabilità
88.91.00,Attività di assistenza diurna per l'infanzia
88.99.01,Servizi di counselling
88.99.02,Consulenza familiare
88.99.03,Mediazione culturale e interculturale
88.99.04,Altre attività di assistenza sociale non residenziale fornite da pedagogisti
88.99.09,Altre attività varie di assistenza sociale non residenziale n.c.a.
90.11.01,Attività di giornalisti indipendenti
90.11.02,Attività di blogger indipendenti
90.11.09,Altre attività di creazione letteraria e composizione musicale
90.12.00,Attività di creazione di arti visive
90.13.00,Altre attività di creazione artistica
90.20.01,Attività nel campo della recitazione
90.20.09,Altre attività di arti performative e rappresentazioni artistiche
90.31.00,Gestione di strutture e spazi per le arti
90.39.01,Attività nel campo della regia
90.39.09,Altre attività di supporto alle arti performative e alle rappresentazioni artistiche n.c.a.
91.11.00,Attività di biblioteche
91.12.00,Attività di archivi
91.21.00,Attività di musei e collezioni
91.22.00,Attività di luoghi e monumenti storici
91.30.01,Conservazione e restauro del patrimonio culturale
91.30.02,Creazione e gestione di apparecchiature multimediali per l'accompagnamento alle visite in musei e altri siti
91.30.09,Altre attività di supporto al patrimonio culturale
91.41.00,Attività di orti botanici e giardini zoologici
91.42.00,Attività di riserve e parchi naturali
92.00.01,Gestione di apparecchi che consentono vincite in denaro funzionanti a moneta o a gettone
92.00.09,"Altre attività di scommesse, lotterie e altri giochi d'azzardo"
93.11.10,Gestione di piscine
93.11.90,Gestione di altri impianti sportivi
93.12.00,Attività dei club sportivi
93.13.01,"Attività di studi di yoga, pilates e Tai Chi"
93.13.09,Altre attività dei centri di fitness
93.19.10,Attività di organizzazioni ed enti sportivi e promozione di eventi sportivi
93.19.91,Attività di ricarica di bombole per attività subacquee
93.19.92,Attività di guida alpina
93.19.93,Attività di guida di pesca
93.19.99,Altre attività sportive varie n.c.a.
93.21.00,Attività dei parchi di divertimento e dei parchi tematici
93.29.10,Gestione di piste e sale da ballo
93.29.20,Gestione di stabilimenti balneari
93.29.30,Gestione di apparecchi da intrattenimento che non consentono vincite in denaro funzionanti a moneta o a
93.29.91,Gestione di attrazioni e attività di spettacolo in forma itinerante
93.29.99,Altre attività varie di intrattenimento e divertimento n.c.a.
94.11.00,Attività di organizzazioni di imprese e dei datori di lavoro
94.12.10,Attività di ordini e collegi professionali
94.12.20,Attività di associazioni professionali
94.20.00,Attività dei sindacati di lavoratori
94.91.00,Attività delle organizzazioni religiose
94.92.00,Attività delle organizzazioni politiche
94.99.10,Attività di organizzazioni associative per la tutela degli interessi e dei diritti dei cittadini
94.99.20,Attività di organizzazioni associative culturali e ricreative
94.99.30,Attività di organizzazioni associative a scopo patriottico
94.99.40,Attività di organizzazioni associative per la cooperazione internazionale
94.99.50,Attività di organizzazioni associative filantropiche
94.99.60,Attività di organizzazioni associative per la promozione e la difesa degli animali e dell'ambiente
94.99.90,Attività di altre organizzazioni associative varie n.c.a.
95.10.10,Riparazione e manutenzione di computer e periferiche
95.10.21,Riparazione e manutenzione di telefoni e tablet
95.10.29,Riparazione e manutenzione di altre apparecchiature per le comunicazioni
95.21.00,Riparazione e manutenzione di prodotti di elettronica di consumo
95.22.01,Riparazione e manutenzione di elettrodomestici
95.22.02,Riparazione e manutenzione di articoli per la casa e il giardinaggio
95.23.00,Riparazione e manutenzione di calzature e articoli in pelle
95.24.01,Rivestimento di mobili e oggetti di arredamento per la casa imbottiti
95.24.09,Altre attività di riparazione e manutenzione di mobili e di oggetti di arredamento per la casa
95.25.00,Riparazione e manutenzione di orologi e gioielli
95.29.10,Riparazione e accordatura di strumenti musicali non storici
95.29.21,Riparazione e manutenzione di biciclette
95.29.22,Riparazione e manutenzione di articoli sportivi e attrezzature da campeggio
95.29.30,Riparazione e modifica di articoli di abbigliamento
95.29.91,"Affilatura di coltelli, servizi di duplicazione di chiavi e di incisione rapida"
95.29.99,Riparazione e manutenzione di altri beni vari per uso personale e per la casa n.c.a.
95.31.10,"Riparazione e manutenzione meccanica, elettrica ed elettronica di autoveicoli"
95.31.20,Riparazione e manutenzione di carrozzerie di autoveicoli
95.31.30,"Riparazione, montaggio o sostituzione di pneumatici e camere d'aria di autoveicoli"
95.31.91,Lavaggio di autoveicoli
95.31.92,Riparazione e manutenzione di cellule abitative per caravan e autocaravan
95.31.99,Altre attività di riparazione e manutenzione di autoveicoli n.c.a.
95.32.00,Riparazione e manutenzione di motocicli
95.40.00,"Attività di servizi di intermediazione per la riparazione e la manutenzione di computer, beni per uso"
96.10.11,"Lavaggio e pulitura di prodotti tessili forniti da lavanderie industriali per industrie, ospedali e altre strutture"
96.10.12,"Lavaggio e pulitura di prodotti tessili forniti da lavanderie industriali per ristorazione, alberghi e altri servizi"
96.10.21,Lavaggio e pulitura di prodotti tessili e pellicce forniti da lavanderie e tintorie tradizionali
96.10.22,Lavaggio e pulitura di prodotti tessili e pellicce forniti da lavanderie self-service
96.21.00,Servizi di parrucchieri e barbieri
96.22.01,Servizi di manicure e pedicure
96.22.09,Altri servizi di cura della bellezza e altri trattamenti di bellezza n.c.a.
96.23.10,Servizi di centri termali
96.23.91,Terapia del sale
96.23.99,"Altri servizi di centri benessere, sauna e bagno di vapore n.c.a."
96.30.01,Servizi di pompe funebri
96.30.02,Servizi di sepoltura
96.30.09,Servizi funerari e attività connesse n.c.a.
96.40.00,Attività di servizi di intermediazione per servizi alla persona
96.91.00,Fornitura di servizi domestici
96.99.11,Servizi di presa in pensione e custodia per animali da compagnia
96.99.12,Servizi di toelettatura per animali da compagnia
96.99.13,Servizi di addestramento per animali da compagnia
96.99.14,Gestione di rifugi per animali
96.99.19,Servizi di cura per animali da compagnia n.c.a.
96.99.91,Attività di studi di tatuaggi e piercing
96.99.92,Servizi di incontro ed eventi simili
96.99.93,Servizi di organizzazione di feste e cerimonie
96.99.94,Servizi di consulenza di immagine
96.99.99,Tutte le altre attività varie di servizi alla persona n.c.a.
97.00.10,Attività di condomini come datori di lavoro per personale domestico
97.00.90,Attività di famiglie e convivenze come datori di lavoro per personale domestico n.c.a.
98.10.00,Produzione di beni indifferenziati per uso proprio da parte di famiglie e convivenze
98.20.00,Produzione di servizi indifferenziati per uso proprio da parte di famiglie e convivenze
99.00.00,Attività di organizzazioni e organismi extraterritoriali
